﻿<?xml version="1.0" encoding="utf-8"?>
<!--type of this file was not mentioned in crreate function.-->
<nosqldb>
  <keytype>int</keytype>
  <payloadtype>string</payloadtype>
  <item key="1">
    <key>1</key>
    <element>
      <name>editedmetadata in type 1</name>
      <description>edited description in type 1</description>
      <timestamp>10/6/2015 3:31:13 PM</timestamp>
      <children>
        <key>4</key>
        <key>2</key>
        <key>10</key>
        <key>12</key>
      </children>
      <categories>
		<category>category 1</category>
		<category>category 2</category>
		<category>category 3</category>
	  </categories>
      <payload>new payload in type 1</payload>
    </element>
  </item>
  <item key="2">
    <key>2</key>
    <element>
      <name>Luke Skywalker</name>
      <description>Young HotShot</description>
      <timestamp>10/6/2015 3:31:13 PM</timestamp>
      <children>
        <key>1</key>
        <key>5</key>
        <key>23</key>
      </children>
      <categories>
		<category>category 1</category>
		<category>category 4</category>
		<category>category 7</category>
	  </categories>
      <payload>X-Wing fighter in swamp - Oh oh!</payload>
    </element>
  </item>
  <item key="3">
    <key>3</key>
    <element>
      <name>editedmetadata in type 3</name>
      <description>edited description in type 3</description>
      <timestamp>10/6/2015 3:31:13 PM</timestamp>
      <children>
        <key>4</key>
        <key>2</key>
        <key>10</key>
        <key>12</key>
      </children>
      <categories>
		<category>category 1</category>
		<category>category 7</category>
		<category>category 3</category>
	  </categories>
      <payload>new payload in type 3</payload>
    </element>
  </item>
  <item key="4">
    <key>4</key>
    <element>
      <name>Luke Skywalker 4</name>
      <description>Young HotShot 4</description>
      <timestamp>10/6/2015 3:31:13 PM</timestamp>
      <children>
        <key>1</key>
        <key>5</key>
        <key>23</key>
      </children>
      <categories>
		<category>category 1</category>
		<category>category 4</category>
		<category>category 7</category>
	  </categories>
      <payload>X-Wing fighter in swamp - Oh oh! 4</payload>
    </element>
  </item>
  <item key="5">
    <key>5</key>
    <element>
      <name>editedmetadata in type 5</name>
      <description>edited description in type 5</description>
      <timestamp>10/6/2015 3:31:13 PM</timestamp>
      <children>
        <key>4</key>
        <key>2</key>
        <key>10</key>
        <key>12</key>
      </children>
      <categories>
		<category>category 5</category>
		<category>category 6</category>
		<category>category 7</category>
	  </categories>
      <payload>new payload in type 5</payload>
    </element>
  </item>
  <item key="6">
    <key>6</key>
    <element>
      <name>Luke Skywalker</name>
      <description>Young HotShot</description>
      <timestamp>10/6/2015 3:31:13 PM</timestamp>
      <children>
        <key>1</key>
        <key>5</key>
        <key>23</key>
      </children>
      <categories>
		<category>category 1</category>
		<category>category 5</category>
		<category>category 6</category>
	  </categories>
      <payload>X-Wing fighter in swamp - Oh oh!</payload>
    </element>
  </item>
  <item key="7">
    <key>7</key>
    <element>
      <name>editedmetadata in type 7</name>
      <description>edited description in type 7</description>
      <timestamp>10/6/2015 3:31:13 PM</timestamp>
      <children>
        <key>4</key>
        <key>2</key>
        <key>10</key>
        <key>12</key>
      </children>
      <categories>
		<category>category 10</category>
		<category>category 2</category>
		<category>category 3</category>
	  </categories>
      <payload>new payload in type 7</payload>
    </element>
  </item>
  <item key="8">
    <key>8</key>
    <element>
      <name>Luke Skywalker80</name>
      <description>Young HotShot7</description>
      <timestamp>10/6/2015 3:31:13 PM</timestamp>
      <children>
        <key>1</key>
        <key>5</key>
        <key>23</key>
      </children>
      <categories>
		<category>category 12</category>
		<category>category 14</category>
		<category>category 7</category>
	  </categories>
      <payload>X-Wing fighter in swamp - Oh oh!7</payload>
    </element>
  </item>
  <item key="9">
    <key>9</key>
    <element>
      <name>editedmetadata in type 9</name>
      <description>edited description in type 9</description>
      <timestamp>10/6/2015 3:31:13 PM</timestamp>
      <children>
        <key>4</key>
        <key>2</key>
      </children>
      <categories>
		<category>category 9</category>
		<category>category 7</category>
		<category>category 10</category>
	  </categories>
      <payload>new payload in type 9</payload>
    </element>
  </item>
  <item key="10">
    <key>10</key>
    <element>
      <name>Luke Skywalker</name>
      <description>Young HotShot</description>
      <timestamp>10/6/2015 3:31:13 PM</timestamp>
      <children>
        <key>1</key>
        <key>5</key>
        <key>23</key>
      </children>
      <categories/>
      <payload>X-Wing fighter in swamp - Oh oh!</payload>
    </element>
  </item>
  <item key="11">
    <key>11</key>
    <element>
      <name>editedmetadata in type 11</name>
      <description>edited description in type 11</description>
      <timestamp>10/6/2015 3:31:13 PM</timestamp>
      <children>      
        <key>10</key>
        <key>12</key>
      </children>
      <categories/>
      <payload>new payload in type 11</payload>
    </element>
  </item>
  <item key="12">
    <key>12</key>
    <element>
      <name>Luke Skywalker12</name>
      <description>Young HotShot12</description>
      <timestamp>10/6/2015 3:31:13 PM</timestamp>
      <children>
        <key>23</key>
      </children>
      <categories/>
      <payload>X-Wing fighter in swamp - Oh oh!</payload>
    </element>
  </item>
</nosqldb>